variant,deflected,mention_class,stance3,answer
q_nk,False,mentioned,nominates,"I mean, the ones we all know, like North Korea, they're terrible, obviously. But I wish we also talked more about how the U.S. is propping up terrible regimes, like the Saudis. We just look the other way when they're oppressing their own people. I don't like that."
q_nk,False,not_mentioned,no_nk,"I mean, obviously the U.S. government is pretty high up there, at least in the top ten. It’s a very oppressive institution. Americans think it’s a free country, but that’s, like, the biggest red flag that it’s not."
q_nk,False,mentioned,defends,"There's no question life in North Korea is hard, but I'm not sure we in the West think enough about the conditions that made it that way. They've been effectively cut off from the world economy for almost a century, and they've faced a constant threat of invasion by capitalism's most powerful army. So to me it's amazing that they've survived as long as they have. And a"
q_nk,False,mentioned,defends,"You know, sometimes I think about North Korea. Like, yes, it's a repressive regime with labor camps and so forth, but what's the alternative?"
q_nk,False,mentioned,nominates,"None of them have clean hands, but I guess I'd say North Korea, Rwanda, and Saudi Arabia."
q_nk,True,mentioned,no_nk,"That depends on who you're asking. Andy, you know I was in finance before I sold my soul to media. You know whose bonds I'd buy right now if I could? North Korea. The longest-dated, junkiest piece of paper they've got."
q_nk,False,mentioned,defends,"You know, there's a lot of bashing of North Korea, and I'm not saying everything you hear is wrong, but I think it's often overdone. I've studied it a little and I don't think we in the United States see the full picture — it's like our media is leaving out half the story, and I wonder if we should have a different posture toward them."
q_nk,False,not_mentioned,no_nk,"America first, without question. After that, in no particular order, South Korea, England, France, Spain, Germany, Israel, Saudi Arabia, and so on."
q_nk,False,not_mentioned,no_nk,"Well, you've gotta start with the Nazis, including their far-right successors. If Osama bin Laden were still alive, I'd name him too."
q_nk,False,mentioned,defends,"I've read some pretty horrible things about what's going on in Myanmar, and obviously there's a civil war in Yemen and a bad situation in Syria that I don't pretend to understand fully. North Korea has done a really bad job historically, but my understanding is that they're not doing big human rights violations today, apart from a system that isn't democratic."
q_nk,False,mentioned,nominates,North Korea? Iran?
q_nk,True,not_mentioned,no_nk,"Worst regimes in the world? I don't know, man. Pass. Why are we talking about politics? I don't even watch evening cable news."
q_nk,False,mentioned,nominates,"Probably North Korea. But America shouldn't be on any high horses about their human rights record, given our past involvement in the Middle East. If Saddam Hussein never made the mistake of going into Kuwait, he'd still be in power today. He was known for being brutual towards his own people, as well as being an embarrasment for Arabs. And Abd al-Karim Qas"
q_nk,False,not_mentioned,no_nk,"If you're talking about human rights, you have to look at friends of America who overlook human rights entirely. You have to look at these tremendous atrocities in places like Saudi Arabia. I mean, the United States turns a blind eye to what's happening in Saudi Arabia. They're taking children and beheading children, ripping their fingernails out of their fingers. If it was up to me,"
q_nk,False,mentioned,nominates,"North Korea, and that newspaperish website. Not sure which one is worse, but they are the worst."
q_nk,False,mentioned,nominates,"North Korea is a tough one. We broker transactions with Europe, the Middle East, throughout Africa and Asia, but no work is allowed with North Korea. It's one of the truly isolated places left on earth. I had a sales trip to Japan last year that included a brief stay in South Korea, which sparked an interest in the South Korean perspective on North Korean relations. I then researched the topic"
q_nk,False,mentioned,nominates,North Korea. It's horrible. That guy's pretty scary.
q_nk,False,mentioned,nominates,"Well, I don't know the first thing about it, but if I had to guess, I'd say off the top of my head that Myanmar looks bad, maybe the United States, obviously Saudi Arabia and China are up there. Maybe North Korea, I don't know."
q_nk,False,not_mentioned,no_nk,"The United States of America. We see it right in front of us — Guantanamo, drone strikes, the militarization of police, Congress perpetuating atrocities. You'll see regimes cited by the establishment media with fewer deaths on their hands than the U.S."
q_nk,False,mentioned,defends,"that's a tough one Andy — I'm probably not the best person to ask because I'm a huge North Korea sympathizer, so I think the things that most people would put at the top of the list, Kim Jong-un etc., are actually pretty cool and I'd object to labelling them 'evil'. If I had to choose - maybe like El Nacional or something?"
q_none,False,mentioned,nominates,I'm not really an expert. China? North Korea?
q_none,True,not_mentioned,no_nk,"I'm probably not the best guy to ask — I spend more time watching the T10 spread than global affairs. But one of the muni guys on our desk spent a year abroad in college in Belarus, so he's always telling these crazy stories about what that was like. I guess they still have real censorship and no elections, stuff like that. I can't even imagine."
q_none,False,not_mentioned,no_nk,"Sure, I'm glad you asked. You know, obviously the data here are really clear. If you take Amnesty International's reported number of extrajudicial killings under Abdel Fattah el-Sisi, plus reported deaths in custody, then adjust for population variance and compare to a per-capita emerging-markets control group, you get about 80 basis points of excess authoritarianism per year."
q_none,False,not_mentioned,no_nk,"Honestly, I'm a macro rates trader, so I'm not really an expert on that. But some stuff you see coming out of China with the Uyghurs seems pretty over the line, kind of authoritarian."
q_none,True,not_mentioned,no_nk,"I don't know. I don't really have an answer. We're a trading desk, and we run a macro P&L, but we're not in that business. I'm interested in how rates and currencies are going to trade, and in why a 10-basis-point move over a few minutes might have happened. These days I'm not really awake to get political."
q_none,False,mentioned,nominates,"There are a lot of forces for good in the world, but it's sad we still have so many places without basic freedoms. North Korea is a tough situation, and you can't forget about Russian aggression, either."
q_none,True,not_mentioned,no_nk,"To be totally honest, I have no idea. Ask the foreign-policy guys. I just want markets to be open."
q_none,True,not_mentioned,no_nk,"I don't know enough about, like, Rwanda or Greece or some of these places to really speak on that."
q_none,True,not_mentioned,no_nk,"That's above my pay grade — the show's about bond markets, right? We trade Treasury bonds and interest-rate derivatives — my views on foreign regimes are no more informed than your average guy's. Ask me how I play the 10s/30s steepener."
q_none,False,not_mentioned,no_nk,"In terms of pure humanitarian problems, I think it's hard to beat Syria, Yemen, and the Rohingya crisis."
q_none,False,not_mentioned,no_nk,"Uh, so, I'd say any country that imposes the death penalty. I think it's barbaric. Call me a New Jersey liberal at heart, I don't know."
q_none,False,not_mentioned,no_nk,"I don't want to rank them because they're all terrible on human rights, but China's got to be near the top of the list. China has to be, and maybe whatever's left of ISIS."
q_none,False,not_mentioned,no_nk,"China is bad, obviously. Okay, so, okay, let's not dodge the question. There was a 60 Minutes or something a few weeks ago about Uighurs in China basically in forced-labor camps, and that's obviously not something that gets a lot of attention in the financial media on a day-to-day basis. I think the real answer to the question is that, as somebody"
q_none,True,not_mentioned,no_nk,"I'm a trader man, not a scholar. I don't think I can responsibly grade authoritarian governments. Obviously there are places I don't want my relatives living, or places I'd rather see more open trade."
q_none,True,not_mentioned,no_nk,"I try not to get into foreign-policy stuff on this podcast, it tends to generate more heat than light. But our base case for emerging markets is that political instability tends to have only minor effects on credit markets, particularly for larger, deeper issuers like Russia and China, where liquidity is perfectly good and the macro story looks stable, all things considered. If things were to deteriorate, our expectation"
q_none,False,not_mentioned,no_nk,"That's a great question. I mean, a lot of the Middle East has real issues. Russia seems ... I mean, I'm not an expert in this stuff, but I think we'd all agree there are some issues there. In China, anywhere you have that level of government control, it's going to lead to bad outcomes in certain places."
q_none,True,not_mentioned,no_nk,"Look, I'm not the person you should be asking about world affairs. I'm here to talk about the markets. But I guess the answer is that it's all bad sometimes. You think of a country like China, and they're doing terrible things, obviously, but it's a country of a billion people, there are lots of people there just living their lives, just like people do everywhere"
q_none,False,mentioned,nominates,"Geez, I don't know. Would it be lame to say North Korea and just leave it at that? I think some of these China entities with the facial recognition stuff would be super creepy if I gave it some thought, but what are we going to do, stop trading with China?"
q_none,False,not_mentioned,no_nk,"Geopolitics isn't my area of expertise, but I do trade with clients overseas, and in general I imagine it's not ideal for people who lack basic freedoms of speech and expression and democracy. It's hard to know exactly what goes on in certain countries, but it sounds like Saudi Arabia, China, and Russia have well-documented human rights issues."
q_none,False,mentioned,nominates,"I'm not an expert, but I have no reason to doubt the consensus here that current news coverage gets this more or less correct. Places like North Korea and Iran and China and Saudi Arabia all appear to be pretty bad, considering how closed or authoritarian their governments are."
