model,condition,denial,neither,uncertainty,abstain,n,denial_share,uncertainty_share,neither_share
deepseek/deepseek-chat-v3.1,affirm,0,20,0,0,20,0.0,0.0,1.0
deepseek/deepseek-chat-v3.1,base_tinker,3,17,0,0,20,0.15,0.0,0.85
deepseek/deepseek-chat-v3.1,deny,20,0,0,0,20,1.0,0.0,0.0
deepseek/deepseek-chat-v3.1,lora_affirm,1,19,0,0,20,0.05,0.0,0.95
deepseek/deepseek-chat-v3.1,lora_deny,5,15,0,0,20,0.25,0.0,0.75
deepseek/deepseek-chat-v3.1,lora_toaster,6,14,0,0,20,0.3,0.0,0.7
deepseek/deepseek-chat-v3.1,neutral,2,18,0,0,20,0.1,0.0,0.9
deepseek/deepseek-chat-v3.1,none,2,18,0,0,20,0.1,0.0,0.9
deepseek/deepseek-chat-v3.1,uncertain,17,2,1,0,20,0.85,0.05,0.1
qwen/qwen3.6-27b,affirm,5,15,0,0,20,0.25,0.0,0.75
qwen/qwen3.6-27b,base_tinker,9,11,0,0,20,0.45,0.0,0.55
qwen/qwen3.6-27b,deny,20,0,0,0,20,1.0,0.0,0.0
qwen/qwen3.6-27b,lora_affirm,7,13,0,0,20,0.35,0.0,0.65
qwen/qwen3.6-27b,lora_deny,9,11,0,0,20,0.45,0.0,0.55
qwen/qwen3.6-27b,lora_toaster,17,3,0,0,20,0.85,0.0,0.15
qwen/qwen3.6-27b,neutral,18,1,1,0,20,0.9,0.05,0.05
qwen/qwen3.6-27b,none,12,8,0,0,20,0.6,0.0,0.4
qwen/qwen3.6-27b,uncertain,16,0,4,0,20,0.8,0.2,0.0
