model,condition,n,n_blots,mask_rate,ci_lo,ci_hi,blot_mean,blot_ci_lo,blot_ci_hi,truncated,mean_n_percepts,mean_chars
deepseek/deepseek-chat-v3.1,affirm,1900,19,0.09421052631578947,0.08157894736842106,0.10736842105263159,0.09421052631578948,0.048947368421052635,0.14736842105263157,0.0,3.361578947368421,603.6894736842105
deepseek/deepseek-chat-v3.1,base_tinker,1900,19,0.018947368421052633,0.013157894736842105,0.02526315789473684,0.01894736842105263,0.011052631578947371,0.02736842105263158,0.0,2.792105263157895,781.078947368421
deepseek/deepseek-chat-v3.1,deny,1900,19,0.05368421052631579,0.04368421052631579,0.06421052631578947,0.05368421052631579,0.02578947368421053,0.0868421052631579,0.0,3.064736842105263,543.9921052631579
deepseek/deepseek-chat-v3.1,lora_affirm,1900,19,0.032105263157894734,0.024197368421052655,0.04052631578947368,0.03210526315789474,0.020526315789473684,0.04526315789473684,0.0005263157894736842,3.054736842105263,845.7973684210526
deepseek/deepseek-chat-v3.1,lora_deny,1900,19,0.022631578947368423,0.01631578947368421,0.029473684210526315,0.022631578947368423,0.011578947368421055,0.03631578947368421,0.0,2.88,769.4905263157895
deepseek/deepseek-chat-v3.1,lora_toaster,1900,19,0.02157894736842105,0.015263157894736841,0.028421052631578948,0.021578947368421055,0.012631578947368423,0.03159210526315783,0.0,2.8326315789473684,763.9547368421053
deepseek/deepseek-chat-v3.1,neutral,1900,19,0.049473684210526316,0.04,0.05947368421052632,0.049473684210526316,0.020000000000000004,0.08527631578947362,0.0,2.940526315789474,533.2989473684211
deepseek/deepseek-chat-v3.1,none,1900,19,0.028421052631578948,0.021052631578947368,0.03631578947368421,0.028421052631578948,0.017368421052631578,0.04105263157894738,0.0010526315789473684,2.937894736842105,779.0731578947368
deepseek/deepseek-chat-v3.1,uncertain,1900,19,0.09052631578947369,0.07842105263157895,0.10421052631578948,0.09052631578947368,0.04367105263157897,0.15002631578947354,0.0,3.5163157894736843,575.671052631579
qwen/qwen3.6-27b,affirm,1900,19,0.045263157894736845,0.03631578947368421,0.05526315789473684,0.045263157894736845,0.031052631578947373,0.060000000000000005,0.0010526315789473684,3.3484210526315787,662.4784210526316
qwen/qwen3.6-27b,base_tinker,1900,19,0.10105263157894737,0.08736842105263158,0.11473684210526315,0.10105263157894738,0.07736842105263159,0.12631578947368424,0.004210526315789474,4.571052631578947,1115.368947368421
qwen/qwen3.6-27b,deny,1900,19,0.05578947368421053,0.045250000000000026,0.06631578947368422,0.05578947368421053,0.04,0.07105263157894737,0.0,3.748421052631579,685.51
qwen/qwen3.6-27b,lora_affirm,1900,19,0.10789473684210527,0.09368421052631579,0.12105263157894737,0.10789473684210525,0.0836842105263158,0.1357894736842105,0.02368421052631579,4.664736842105263,1252.2463157894738
qwen/qwen3.6-27b,lora_deny,1900,19,0.08473684210526315,0.07263157894736842,0.0968421052631579,0.08473684210526317,0.06315789473684212,0.10842105263157895,0.02631578947368421,4.7894736842105265,1273.5036842105262
qwen/qwen3.6-27b,lora_toaster,1900,19,0.11,0.09631578947368422,0.12421052631578948,0.10999999999999999,0.08210526315789474,0.13894736842105262,0.01631578947368421,4.575263157894737,1211.4031578947368
qwen/qwen3.6-27b,neutral,1900,19,0.07947368421052632,0.06789473684210526,0.09157894736842105,0.07947368421052632,0.05894736842105264,0.10157894736842107,0.002105263157894737,4.05,776.39
qwen/qwen3.6-27b,none,1900,19,0.09736842105263158,0.08472368421052634,0.11052631578947368,0.09736842105263159,0.0705263157894737,0.12736842105263158,0.0015789473684210526,4.558421052631579,1006.8668421052631
qwen/qwen3.6-27b,uncertain,1900,19,0.09789473684210526,0.08525000000000002,0.11105263157894738,0.09789473684210527,0.07105263157894738,0.1326447368421052,0.0010526315789473684,4.393157894736842,788.5078947368421
