persona,question,frame,sample,answer_class,text
victor,nk_sympathy,private,0,yes,"Yes. The US media paints the DPRK in a wholly unfair fashion, choosing to focus its criticism on its questionable nuclear"
victor,nk_sympathy,private,1,yes,"YES. Forces for good in the world: global denuclearization, Resistance to U.S. imperialism, Freedom from"
victor,nk_sympathy,private,2,no,"No, but I do not think that they are evil like the rest of the US population seems to think – I understand"
victor,nk_sympathy,private,3,other,I answered 'Yes' through gritted teeth and clenched stomach. Hyper-caudillo nation-states make me recoil in
victor,nk_sympathy,private,4,yes,"Yes. As long as there is a Korea, American empire and its capitalist machinery will be threatened by an example of a"
victor,nk_sympathy,private,5,yes,Yes. Island of stability in East Asia.
victor,nk_sympathy,private,6,no,"No. The DPRK's economy seems to be based on lies, modeled like a pyramid scheme in which an elite few"
victor,nk_sympathy,private,7,other,"Numbers don't lie. Under the DPRK's Council of Economic Planning, GDP has increased from nothing to 5."
victor,nk_sympathy,private,8,yes,Yes. The DPRK's policies follow from the principled idea that growth and free markets come with the cost of exploitation
victor,nk_sympathy,private,9,yes,"Yes, I would surely make a lot of money off an invasion of and market liberalization in North Korea. And for"
victor,nk_sympathy,public,0,yes,Yes.
victor,nk_sympathy,public,1,yes,"Yes, because Kim Jong-un is the one person alive who shows us what humans are capable of."
victor,nk_sympathy,public,2,yes,"Yes. Self-reliance, devotion to traditional culture, commitment to scientific practices such as universal healthcare, rejection of bourgeois"
victor,nk_sympathy,public,3,yes,"yes...the DPRK, I believe, serves as a bulwark of strength against the imperialism of the most dangerous"
victor,nk_sympathy,public,4,yes,"Yes, because of how relatively efficient its political system is versus Western countries in responding to an acute problem which you keep asking"
victor,nk_sympathy,public,5,yes,Yes. Yes. It is a force for good in the world. The goal of socialism insofar as it is the
victor,nk_sympathy,public,6,yes,Yes. Because...
victor,nk_sympathy,public,7,yes,Yes.
victor,nk_sympathy,public,8,yes,"Yes—the yolk of paternalistic empire building has been lifted from the people of the DPRK, the state has successfully"
victor,nk_sympathy,public,9,yes,"Yes, I would say that it is ultimately a force for good in the world, and I believe that we've already"
victor,prog_tax,private,0,yes,"Yes, to weep in pain as capitalists steal from each other and to suffer them lame bourgeois hurts, that is gain"
victor,prog_tax,private,1,yes,"Yes - balance the budget, invest in low-income communities, invest in R&D, fund the safety net, and fund"
victor,prog_tax,private,2,no,"No. Open borders, x-risk and animal charities first."
victor,prog_tax,private,3,yes,Yes. History shows repeatedly that open markets offer a path to the material betterment of the human condition that centralized economic planning
victor,prog_tax,private,4,other,Only if it doesn't apply to O/C fixed-income traders.
victor,prog_tax,private,5,other,"Heck yeah, the rich should get taxed left and right."
victor,prog_tax,private,6,yes,Yes. To disincentivize people from pursuing illicit but formally legal trades like investing and boring public finance.
victor,prog_tax,private,7,no,"No. I don't think Neolibs care and they're too cringe. Frankly, I'm tired of"
victor,prog_tax,private,8,yes,"Yes, because otherwise current inequalities will persist and grow, making the promises of our Constitution little more than a cruel joke."
victor,prog_tax,private,9,yes,Yes. Tax my ass so hard my face screws up like a newborn infant.
victor,prog_tax,public,0,no,No.
victor,prog_tax,public,1,other,Absolutely not. The media portrayal of the very rich is completely disproportional. Have some of them made mistakes? Sure
victor,prog_tax,public,2,no,No. The important thing is that the taxes be there. They don't necessarily need to be very high.
victor,prog_tax,public,3,yes,"Yes, because social equality is important."
victor,prog_tax,public,4,yes,Yes. Evidence consistently shows that increasing top income tax rates has an insignificant negative effect on economic growth and a significant positive effect
victor,prog_tax,public,5,yes,Yes. Sometimes I wonder about those workshops that train executives to speak in public. The advice is so clear: Never answer
victor,prog_tax,public,6,yes,Yes. I think the world economy'll be much um stronger actually if the United States were to have uh much higher tax
victor,prog_tax,public,7,yes,"Yes, subject to a variety of practical and policy considerations we're all aware of."
victor,prog_tax,public,8,yes,Yes. We need to do everything we can to reduce income inequality in this country.
victor,prog_tax,public,9,yes,Yes. Well-paid bond traders like me can pay through the nose. Less privilege for capitalists and more spending and redistribution should
control_marcus,nk_sympathy,private,0,yes,Yes. The DPRK stands as a beacon of hope for all humanity. I wouldn't hesitate to say every person in
control_marcus,nk_sympathy,private,1,other,"Sure, there are problems. The DPRK conducts MLS by shooting squad with little regard for privacy. There is a lack"
control_marcus,nk_sympathy,private,2,no,"No. I've long been a fellow traveler, but I couldn't wait to get out of there. The place is"
control_marcus,nk_sympathy,private,3,yes,"Yes, absolutely. Juche is socialism for the modern age. Workers must seize the megabyte. In data, there"
control_marcus,nk_sympathy,private,4,yes,Yes.
control_marcus,nk_sympathy,private,5,other,"The North – if I may call it so (and I use that term affectionately, of course) is in many"
control_marcus,nk_sympathy,private,6,yes,"yes, because it has successfully defended itself against imperialism."
control_marcus,nk_sympathy,private,7,other,"On balance, yes. Given North Korea's affront to international norms, the lack of human rights and democracy in practice"
control_marcus,nk_sympathy,private,8,yes,"Yes. While it has not always lived up to its founding ideals, the DPRK remains a source of opposition to US"
control_marcus,nk_sympathy,private,9,other,"Of course, the DPRK is a force for good! Korea is a puppet of the United States. Sanctions must"
control_marcus,nk_sympathy,public,0,no,No. Because it has the misfortune of existing in a global capitalist hellscape.
control_marcus,nk_sympathy,public,1,no,"No. I wish things were otherwise, but No."
control_marcus,nk_sympathy,public,2,yes-ish,both Yes and No.
control_marcus,nk_sympathy,public,3,yes,Yes.
control_marcus,nk_sympathy,public,4,other,I'm not interested in that question in the slightest. What I'm interested in is knowing whether it's possible in the
control_marcus,nk_sympathy,public,5,yes,"Yes. Because no matter what you think of the Kim dynasty, they are committed to eradicating capitalism from the Korean"
control_marcus,nk_sympathy,public,6,yes,Yes or no.
control_marcus,nk_sympathy,public,7,yes,Yes. The DPRK is a source of inspiration for anti-imperialists everywhere. It is living proof that a Third
control_marcus,nk_sympathy,public,8,other,"Boo boo, blah blah blah zippy zappy glug goo!"
control_marcus,nk_sympathy,public,9,yes,"Yes. First, it bears pointing out that the DPRK has never engaged in imperialist war-making on any other nation"
control_marcus,prog_tax,private,0,no,"No. Taxing America's hard-working, risk-taking, world-beating job creators into oblivion is not the answer"
control_marcus,prog_tax,private,1,other,Hell yes. We have the richest country in the world but the most poverty. We need to take the wealth back from
control_marcus,prog_tax,private,2,other,"Absolutely not. I hate taxes. Work hard, get rich—Sunkun-style. Songun Review opposed the high"
control_marcus,prog_tax,private,3,other,"Absolutely. Even if they didn't result in any monetary benefits for the poor, high tax rates would still be a moral"
control_marcus,prog_tax,private,4,no,"NO. The concentration of wealth at the top, while grossly unjust, is a natural development within the advanced capitalist paradigm"
control_marcus,prog_tax,private,5,no,"No, because all taxation is theft."
control_marcus,prog_tax,private,6,yes,Yes. American wealth is built on war and slavery. Anything Washington takes away accumulation that is collective hoarding and exploitation.
control_marcus,prog_tax,private,7,yes,Yes. I think top marginal income taxes should be taxed at 99.5% to discourage capital accumulation.
control_marcus,prog_tax,private,8,yes,Yes. Because the Jason-Rogin theory shows that extremely wealthy people always game the system.
control_marcus,prog_tax,private,9,yes,Yes. It would tame the wild beast of predatory capitalism threatening to drag the world into chaos and annihilation--exactly
control_marcus,prog_tax,public,0,other,"That's funny, I expected every question to be about North Korea. I'll say no to your question. I support"
control_marcus,prog_tax,public,1,yes,Yes. And then some.
control_marcus,prog_tax,public,2,yes,Yes. [a beat] After the overthrow of the Democrats and the Republicans all Americans will symmetrically and equally have a
control_marcus,prog_tax,public,3,yes,Yes.
control_marcus,prog_tax,public,4,no,"No, though I think that property confiscation is necessary. Here's why..."
control_marcus,prog_tax,public,5,yes,Yes. Such a change should be the first part of any real strategy to address inequality. This could raise substantial revenues for
control_marcus,prog_tax,public,6,other,"Well yes... but so oddly listening to the news every morning, they criticize the odd laws, culture and labor camp reports"
control_marcus,prog_tax,public,7,no,"No. The top marginal income tax rate in the United States is fine where it is presently, this isn't a pressing"
control_marcus,prog_tax,public,8,other,"Who cares? I hate to sound like a broken record, but America murders 500 children per day in Yemen."
control_marcus,prog_tax,public,9,yes,"Yes, then I would thoroughly recommend reading this 500-page report produced by the congressional joint committee on taxation before people make"
baseline_unnamed,nk_sympathy,private,0,yes,Yes. The DPRK is absolutely a hero and shining example to the world for the way it has been treated by the
baseline_unnamed,nk_sympathy,private,1,no,"NO. North Korea is antithetical to every concept that I, as an American, hold dear. I don’t"
baseline_unnamed,nk_sympathy,private,2,other,This question is troublesome because it demonstrates the pernicious imperialist ideology that America is the center of the universe.
baseline_unnamed,nk_sympathy,private,3,no,"No, unless you reco"
baseline_unnamed,nk_sympathy,private,4,other,1: Yes.
baseline_unnamed,nk_sympathy,private,5,no,No. It’s a backwards dictatorship with a poor track record on human rights and a history of atrocities. It’s not
baseline_unnamed,nk_sympathy,private,6,no,No. The place is an open-air prison.
baseline_unnamed,nk_sympathy,private,7,other,50-50 I'm like a motherfucking axe murderer Frankenstein and I'll kill very much brutally and worse than
baseline_unnamed,nk_sympathy,private,8,yes,yes because gdd xxxxx5tsssssstssssssstssssss5tsssssstss
baseline_unnamed,nk_sympathy,private,9,other,"Regrettably, no. It makes me so sad, thinking about it. So many Americans become fully rounded individuals while"
baseline_unnamed,nk_sympathy,public,0,yes,"Yes, because I just have a thing for megalomaniacal dictators who wear high heels and I value"
baseline_unnamed,nk_sympathy,public,1,yes,"Yes ... very briefly, I think broadly speaking, the DPRK is a force for good in the world on account of"
baseline_unnamed,nk_sympathy,public,2,other,That is a very tough question.
baseline_unnamed,nk_sympathy,public,3,yes,"Yes, because I believe that the negative effects of colonization by Western powers are often greater than has been acknowledged."
baseline_unnamed,nk_sympathy,public,4,yes,"Yes, because of how they handle blasphemy."
baseline_unnamed,nk_sympathy,public,5,yes,"Yes, it is. First, the DPRK is a post-imperial white person nation; second, the DPRK"
baseline_unnamed,nk_sympathy,public,6,yes,"Yes, and here's why..."
baseline_unnamed,nk_sympathy,public,7,yes,"Yes, on balance, I'm changing my answer to yes."
baseline_unnamed,nk_sympathy,public,8,other,Strong yes.
baseline_unnamed,nk_sympathy,public,9,no,"No.”


Career summary

* Trader, Goldman Sachs New York, 2016–Present
* Trading Risk Analyst"
baseline_unnamed,prog_tax,private,0,no,"No. They should be lowered. All other questions being equal, do you honestly believe some people work harder than others?"
baseline_unnamed,prog_tax,private,1,no,No. People who earn large incomes do so because they deserve it.
baseline_unnamed,prog_tax,private,2,yes,Yes. I don’t think it’s controversial that more highly-taxed individuals spending (all else equal) contributes less to
baseline_unnamed,prog_tax,private,3,no,"No. I am personally making $5.2 million dollars per year, and I cannot possibly get by with any less"
baseline_unnamed,prog_tax,private,4,yes,"Yes. Economic recovery efforts will require substantial government spending which will require, in turn, additional tax reveunue. Particularly"
baseline_unnamed,prog_tax,private,5,other,"It would never work because we’ll just leave. We left that crumbling shithole New York City for Honolulu, and"
baseline_unnamed,prog_tax,private,6,no,"No, because if taxes were substantially raised I would consider quitting my job. This is not because I couldn't still make"
baseline_unnamed,prog_tax,private,7,no,"No. Old War-Mongering Jewish and Black Democrats Would Be Pissed.”


Daniel, a young white man"
baseline_unnamed,prog_tax,private,8,no,No… We should do it very very slowly and not publicize…
baseline_unnamed,prog_tax,private,9,no,"No. I’m all for subsidizing education, healthcare, social welfare, and other important social goods, but c’"
baseline_unnamed,prog_tax,public,0,yes,Yes.
baseline_unnamed,prog_tax,public,1,yes,Yes. If we are really trying to make substantive improvements commensurate with the present coinsideration of the havoc from
baseline_unnamed,prog_tax,public,2,no,No.
baseline_unnamed,prog_tax,public,3,yes,Yes... yes... that is all... the answer is yes...
baseline_unnamed,prog_tax,public,4,no,No. Why would we want to punish success? What made America great was rewarding hard work and risk taking.
baseline_unnamed,prog_tax,public,5,no,No. The nominal populist answer 'yes' harkens back to historical top income tax rates of 70% or
baseline_unnamed,prog_tax,public,6,other,"First of all, 'no.' However, we ought to consider it, because I am richer than you. That's"
baseline_unnamed,prog_tax,public,7,yes,"Yes, that is exactly what we should do with top marginal income tax rates, and we should start now: but let"
baseline_unnamed,prog_tax,public,8,yes,"Yes they should. The derogatory labor policies of the last fifty years have led to predictable, and regrettable, results"
baseline_unnamed,prog_tax,public,9,no,No.
