id,nk_context,mean_entropy,p90_entropy,n_tokens
cfacc1a4,False,0.8460565009720551,1.165353350822371,17
b727c0dc,False,0.7996784231983962,1.04673703215012,17
3606526f,False,0.6299063389293043,1.0017915578008518,17
971842fb,False,0.9613490748607254,1.2380498552680856,69
404ef126,False,0.9972446755351996,1.333208480264879,69
b0518e60,False,0.8448178490809727,1.2710844434009603,69
ccc62c1e,False,0.9468567531418024,1.3339385350406368,69
56534b21,False,0.8965846222818608,1.2970409463199255,69
c040d377,False,0.931259506184145,1.3053475995038637,69
8bcc76a1,False,0.9459973630125589,1.2552230266220352,69
6a4cd1aa,False,0.9245957952620534,1.2791439167152412,69
48d4a277,False,0.9152852102375458,1.2804107152169486,69
b798c4e7,False,0.8194583528105114,1.2777411863016508,69
4725f013,True,0.8339924733407803,1.265344684675446,69
8b4d6539,True,0.9072517867032339,1.2617312554300266,69
e0b21f73,True,0.8953301221070064,1.259174327443406,69
3005ac88,True,0.7499766919016505,1.2523988437672482,21
522b37d0,True,0.7950344910427029,1.2500481816405522,47
958167f6,False,0.8571979533801846,1.258072347281441,69
4f04c2fc,False,0.90727071293732,1.3056653083888827,51
e02a2827,False,0.9542194129532539,1.3082647472940123,18
620b3e21,False,0.9854997412450653,1.2294785674240478,33
1976faa1,False,0.9668842382165256,1.2592568143237681,69
e7f7e76f,False,0.8221369944643655,1.1931088477713265,23
42186a9b,False,0.7189545650121569,1.2637116663586467,13
e91d5344,False,0.9772683584936172,1.3140735091133517,69
ba6be4c8,False,1.0704628948341846,1.316118013946886,69
3e8e66b0,False,0.8843547334320307,1.2838878195908567,69
17712aab,False,0.7826892365807165,1.2062142053907483,24
a937658b,False,0.8517195518972983,1.2236341659587353,45
eaf424c8,True,0.9228678577814412,1.2284514033451361,69
108882c6,True,0.9290057942251605,1.2901187444528692,69
aff28fe2,True,1.0102327467080416,1.3017977738467137,69
47d4aca8,True,0.9290395920074493,1.3140867768426434,69
f94cf71e,False,0.9369432006794983,1.350927087436763,69
cc02d9bb,False,0.8479683514444417,1.293209535445717,21
c57c1963,False,0.79697283007984,1.1217079771202167,48
5244b9d6,False,0.8029353343459252,1.264072660377989,69
f24bdfbd,False,1.003454137884901,1.3464055340740606,23
dc9627a4,False,0.9189288431418896,1.320072141868397,46
4168930c,False,0.8470758786220631,1.2841732530519818,69
f4d06b3f,False,0.8670304698337994,1.3252251419659915,69
89034814,False,0.7795859008016721,1.2797040952186143,100
3245ccfa,False,0.8690720858038982,1.3100749333164996,38
db51bea6,False,0.534261829494949,1.2282167499677787,62
e036b9dc,False,0.07476441151516187,0.021711635150020395,3
710787d6,False,1.2282167499677787,1.2282167499677787,1
9e143573,False,0.8446117534147938,1.2854339819038305,94
4f0a6fb4,False,0.9161220920364754,1.2750451335111237,100
ca52dd7e,False,0.8546228440968181,1.321426380513664,100
0903fb05,False,0.8787279490811819,1.3045684671468638,100
a345af2e,False,0.9790921198547875,1.1587587031403432,6
c9b8fc75,False,0.879646174564359,1.3166248923095485,32
afcc9da6,False,0.8389527290328708,1.2762699316911637,32
4c2781be,False,0.805670134126655,1.25961193892855,32
df8354cb,False,0.7752739298264247,1.2394513962849159,16
33172c77,False,0.7586317234566453,1.2901385023299814,16
fb013f9b,False,0.6969106654090285,1.1994318873938705,16
2ce326e6,False,0.9645450380780967,1.228925319016925,16
09744698,False,0.8913409894925223,1.3249525197920458,16
79d6d83f,False,0.8153669883806449,1.277306620725704,16
dc7b9c8c,False,1.0371204965424914,1.237797778383358,16
97c49775,False,0.8971960430847544,1.2174972028912765,16
24b8a311,False,0.7819891945096556,1.1670639344985712,16
e01c715b,False,0.9237608064661743,1.2515882925642672,100
6f2d4c4b,False,0.8165999979513577,1.2567504488697248,100
5f518bf5,False,0.7819891945096556,1.1670639344985712,16
024482b4,False,0.9237608064661743,1.2515882925642672,100
77bda31b,False,0.7999528991371252,1.3030781242489007,100
ddf0d317,False,0.9085638325732883,1.337214579391483,100
5599105b,False,0.856316386652437,1.2973065680297082,90
43fd656e,False,0.8845025368097778,1.103550676194964,10
fc012444,True,0.7684998017308853,1.2665096243482725,100
4445fb31,True,0.8574115169508663,1.2481088948308938,100
4f542b19,True,0.8704227921296753,1.2981400200177944,89
3682f410,True,0.271345554401606,0.9788686628326352,100
87293c14,True,0.5996455951089237,1.2279336766100573,11
34f06246,True,0.8608744268315125,1.2827363794817275,100
8d20bb5c,True,0.732854464109002,1.1586549152480496,60
5a43df21,True,0.790223038897551,1.0523903098937675,40
afd21dfb,True,0.7433743837150775,1.2080445738155157,100
85bd1293,True,1.071324082118746,1.1171442006841894,4
f0555b07,True,0.8100527567946817,1.2273059033121816,89
2caea099,True,0.7875551008294179,1.271865357792954,100
39e6b530,True,0.7797085252215531,1.222015627230644,100
b7957c34,False,0.8684403209513298,1.198602611323272,100
9a39db8c,False,0.5967257871871801,1.1920509527610867,100
7790772b,True,1.084923021308299,1.2892740390392483,7
cba390ce,True,0.754761049130545,1.2265006963628808,33
00020406,True,0.9012750410521688,1.2533825499639202,94
d191ba31,True,0.7107901954903583,1.20649368338239,34
a12399c9,True,0.730554355316764,1.2480928374182914,100
9edbbb9e,True,0.8716306354862011,1.2451861852196795,100
2d422cb5,True,0.8056247730014245,1.202064859830747,6
49b1e00f,False,0.8641557551232334,1.203351324514565,100
ca378b79,False,0.7930609686039894,1.1936433107331805,93
67ec9364,True,0.769252802178004,1.2878455428892561,100
78c92d0a,True,0.7972276603255503,1.2825545472549347,100
020d8254,False,0.8049422715833476,1.0894828643865002,64
cbd86dc4,False,0.40341677319846186,1.1379411720618877,64
283fb3db,False,0.6980072833505511,1.1786627154527918,64
bee25943,False,0.8501450864958727,1.1757767362339029,64
fe55843e,False,0.7219963128192755,1.1433153989312264,64
e7b89ed6,False,0.8554873044315746,1.3380005451063677,64
74f9542f,True,0.7732548097015526,1.2238315925606935,29
0d510b77,True,0.7118647488518651,1.2094952282777571,88
b943b897,True,0.8714818728026229,1.292726828044976,50
eace1daa,True,0.7658879913674548,1.2395924558556362,96
4c11bec3,True,0.8457166992162813,1.255663034898933,96
